1521119300.100,10.10.10.10,1.0.0.1,0x000092b6,443,56922,1,0,0,,
1521119300.500,20.20.20.20,36.0.0.1,0x000092b6,443,56922,0,0,0,,
1521119300.600,30.30.30.30,66.0.0.1,0x000092b6,443,56922,0,1,0,,
1521119300.700,40.40.40.40,100.0.0.1,0x000092b6,443,56922,0,0,0,,
1521119301.200,50.50.50.50,130.0.0.1,0x000092b6,443,56922,0,0,1,,
1521119301.400,60.60.60.60,170.0.0.1,0x000092b6,443,56922,0,0,0,,
1521119301.500,70.70.70.70,200.0.0.1,0x000092b6,443,56922,0,0,0,,
1521119301.700,80.80.80.80,230.0.0.1,0x000092b6,443,56922,0,0,0,,
1521119302.000,90.90.90.90,,0x000092b6,443,56922,0,0,1,,
1521119302.000,100.100.100.100,0.0.0.0,0x000092b6,443,56922,0,0,1,,
1521119302.100,110.110.110.110,32.0.0.0,0x000092b6,443,56922,0,0,1,,
1521119302.200,120.120.120.120,255.255.255.255,0x000092b6,443,56922,0,0,1,,
1521119302.500,130.130.130.130,63.255.255.255,0x000092b6,443,56922,0,0,0,,
1521119302.600,140.140.140.140,192.0.0.0,0x000092b6,443,56922,0,1,0,,
1521119302.700,150.150.150.150,223.255.255.255,0x000092b6,443,56922,0,0,0,,
1521119302.800,160.160.160.160,16.16.16.16,0x000092b6,443,56922,0,0,0,,
1521119302.900,170.170.170.170,100.234.34.56,0x000092b6,443,56922,0,0,0,,
1521119303.000,180.180.180.180,50.50.50.50,0x000092b6,443,56922,0,0,0,,
1521119303.500,190.190.190.190,50.50.50.50,0x000092b6,443,56922,0,0,0,,
1521119304.000,200.200.200.200,50.50.50.50,0x000092b6,443,56922,0,0,0,,
1521119304.500,210.210.210.210,50.50.50.50,0x000092b6,443,56922,0,0,0,,
1521119300.000,220.220.220.220,,0x000092b6,443,56922,0,0,0,,
1521119300.000,230.230.230.230,,0x000092b6,443,56922,0,0,0,,
1521119305.100,240.240.240.240,50.50.50.50,0x000092b6,443,56922,0,0,0,,
1521119305.200,250.250.250.250,50.50.50.50,0x000092b6,443,56922,0,0,1,,
1521119306.300,10.10.10.10,50.50.50.50,0x000092b6,443,56922,0,0,1,,
